{
	"wizard": {
		"x": 0,
		"y": 0,
		"width": 512,
		"height": 32,
		"sliceX": 16,
		"anims": {
			"idle": {
				"from": 0,
				"to": 4,
				"speed": 5,
				"loop": true
			},
			"run": {
				"from": 5,
				"to": 10,
				"speed": 8,
				"loop": true
			},
            "jump": {
                "from": 11,
			    "to": 11,
			    "speed": 10,
                "loop": true
            },
            "casting": {
                "from": 12,
			    "to": 15,
			    "speed": 10,
                "loop": false
            }
		}
	},
    "orb": {
		"x": 512,
		"y": 0,
		"width": 128,
		"height": 32,
		"sliceX": 4,
		"anims": {
			"main": {
				"from": 0,
				"to": 3,
				"speed": 5,
				"loop": true
			}
        }
    }
}